USE StudentsProgress;
GO

SET IDENTITY_INSERT tblGroup ON;
INSERT INTO tblGroup(Id, Name, AcademicYear) VALUES
	(1, '4A', 2015),
	(2, '4A', 2016),
	(3, '4B', 2016),
	(4, '4C', 2016);
SET IDENTITY_INSERT tblGroup OFF;

SET IDENTITY_INSERT tblStudent ON;
INSERT INTO tblStudent(Id, FirstName, LastName, PhoneNumber, Email, Age, GroupId) VALUES
	(1, 'Galyna', 'Miroshnyk', '067-566-23-22', 'miroshnik.g@gmail.com', 18, 2),
	(2, 'Ivan', 'Perebendya', '093-256-78-11', 'perebendya123@gmail.com', 22, 2),
	(3, 'Samantha', 'Strelnikova', '073-521-02-02', 'little.girl@gmail.com', 31, 2),
	(4, 'Viktor', 'Penya', '067-888-22-99', 'viktor999g@gmail.com', 25, 2),
	(5, 'Kateryna', 'Ostra', '099-321-23-87', 'ostra.kg@gmail.com', 20, 3),
	(6, 'Rostyslav', 'Zinchenko', '097-348-88-66', 'zinchenko.rostyk@gmail.com', 19, 3),
	(7, 'Iryna', 'Kyrpa', '067-203-12-65', 'kyrpaira@gmail.com', 26, 3),
	(8, 'Svitlana', 'Moroz', '063-522-87-46', 'moroz.svitlanag@gmail.com', 25, 3),
	(9, 'Maryana', 'Gendza', '093-923-39-45', 'maryana.g@gmail.com', 22, 4),
	(10, 'Anatoliy', 'Viz', '063-574-17-87', 'anatoliy.viz@gmail.com', 23, 4),
	(11, 'Orysia', 'Perekotypole', '098-870-03-00', 'perekotypole@gmail.com', 30, 4),
	(12, 'Galyna', 'Terkovska', '093-741-41-14', 'terkovska.galka@gmail.com', 21, 4),
	(13, 'Svyatoslav', 'Antypenko', '073-25-25-85', 'atipenko.svyat@gmail.com', 23, 1),
	(14, 'Olena', 'Hirna', '066-421-78-77', 'hirna.hirna@gmail.com', 19, 1),
	(15, 'Antonina', 'Karpenko', '093-523-78-11', 'karpenko.a@gmail.com', 17, 1),
	(16, 'Iryna', 'Bilynska', '067-036-93-63', 'bilynska.ira@gmail.com', 20, 1);
SET IDENTITY_INSERT tblStudent OFF;

SET IDENTITY_INSERT tblTopic ON;
INSERT INTO tblTopic(Id, Title) VALUES
	(1, 'Articles'),
	(2, 'Weather and materials'),
	(3, 'Future Forms'),
	(4, 'Adjectives/Adverbs');
SET IDENTITY_INSERT tblTopic OFF;
	
SET IDENTITY_INSERT tblQuestion ON
INSERT INTO tblQuestion(Id, Question, Answer, TopicId) VALUES
	(1, '_____ giant panda mostly lives in the bamboo forests', 'the', 1),
	(2, '_____ Yangtze River is 6380 kilometres long', 'the', 1),
	(3, 'China covers _____ area of almost six million square kilometres', 'an', 1),
	(4, '_____ Chinese mainly speak Mandarin', 'the', 1),
	(5, 'The umbrella was invented to protect _____ people from sun and rain', '', 1),
	(6, 'Complete the words: I''m not very good at making s_ _ _ _ talk. I don''t really see the point of it.', 'small', 2),
	(7, 'Complete the words: I love wearing s _ _ _ because it is such a light fabric', 'silk', 2),
	(8, 'Complete the words: There must be l_ _ _ _ in these trousers as they are nice and stretchy', 'lycra', 2),
	(9, 'Complete the words: You can still be affected by the sun''s rays even when it''s grey and o_ _ _ _ _ _ _.', 'overcast', 2),
	(10, 'Complete the words: It was absolutely s_ _ _ _ _ _ _ _ on the beach - it must have been over 40 degrees.', 'scorching', 2),
	(11, 'Complete with "will" or "going to": Philip _______ (be) 15 next Wednesday.', 'will be', 3),
	(12, 'Complete with "will" or "going to": I think, my mother _______ (like) this cd.', 'will like', 3),
	(13, 'Complete with "will" or "going to": Paul''s sister _______ (have) a baby.', 'will have', 3),
	(14, 'Complete with "will" or "going to": Just a moment. I ______ (help) you with the bags.', 'will help', 3),
	(15, 'Complete with "will" or "going to": In 2020 people _______ (buy) more hybrid cars.', 'are going to', 3),
	(16, 'Complete with "will" or "going to": Marvin _______ (throw) a party next week.', 'is going to', 3),
	(17, 'Complete with "will" or "going to": We _______ (fly) to Venice in June.', 'are going to', 3),
	(18, 'Choose the coorect variant in brackets: The athletes have been practising very (hard/hardly) for Athens.', 'hard', 4),
	(19, 'Choose the coorect variant in brackets: I could (hard/hardly) hear him at the back.', 'hardly', 4),
	(20, 'Choose the coorect variant in brackets: I think you have spent too much money (late/lately).', 'lately', 4),
	(21, 'Choose the coorect variant in brackets: They always get home (late/lately) on weekends.', 'late', 4),
	(22, 'Choose the coorect variant in brackets: You''ll have to hit the ball quite (high/highly) to get it over than net.', 'hard', 4)
SET IDENTITY_INSERT tblQuestion OFF

SET IDENTITY_INSERT tblStudentAnswer ON
INSERT INTO tblStudentAnswer(Id, QuestionId, StudentId, IsCorrect) VALUES
	(1, 1, 1, 0), 
	(2, 2, 1, 1), 
	(3, 3, 1, 1), 
	(4, 4, 1, 1), 
	(5, 5, 1, 0), 
	(6, 6, 1, 1), 
	(7, 7, 1, 0), 
	(8, 8, 1, 1), 
	(9, 9, 1, 1), 
	(10, 10, 1, 0), 
	(11, 11, 1, 0), 
	(12, 12, 1, 1), 
	(13, 13, 1, 1), 
	(14, 14, 1, 0), 
	(15, 15, 1, 0), 
	(16, 16, 1, 0), 
	(17, 17, 1, 0), 
	(18, 18, 1, 1), 
	(19, 19, 1, 1), 
	(20, 20, 1, 0), 
	(21, 21, 1, 1), 
	(22, 22, 1, 1), 
	(23, 1, 2, 0), 
	(24, 2, 2, 0), 
	(25, 3, 2, 0), 
	(26, 4, 2, 1), 
	(27, 5, 2, 0), 
	(28, 6, 2, 0), 
	(29, 7, 2, 1), 
	(30, 8, 2, 0), 
	(31, 9, 2, 0), 
	(32, 10, 2, 0), 
	(33, 11, 2, 0), 
	(34, 12, 2, 0), 
	(35, 13, 2, 1), 
	(36, 14, 2, 1), 
	(37, 15, 2, 1), 
	(38, 16, 2, 1), 
	(39, 17, 2, 0), 
	(40, 18, 2, 0), 
	(41, 19, 2, 1), 
	(42, 20, 2, 1), 
	(43, 21, 2, 1), 
	(44, 22, 2, 1), 
	(45, 1, 3, 0), 
	(46, 2, 3, 1), 
	(47, 3, 3, 0), 
	(48, 4, 3, 1), 
	(49, 5, 3, 0), 
	(50, 6, 3, 1), 
	(51, 7, 3, 1), 
	(52, 8, 3, 0), 
	(53, 9, 3, 0), 
	(54, 10, 3, 0), 
	(55, 11, 3, 0), 
	(56, 12, 3, 1), 
	(57, 13, 3, 1), 
	(58, 14, 3, 0), 
	(59, 15, 3, 1), 
	(60, 16, 3, 0), 
	(61, 17, 3, 1), 
	(62, 18, 3, 1), 
	(63, 19, 3, 0), 
	(64, 20, 3, 0), 
	(65, 21, 3, 1), 
	(66, 22, 3, 0), 
	(67, 1, 4, 0), 
	(68, 2, 4, 0), 
	(69, 3, 4, 0), 
	(70, 4, 4, 0), 
	(71, 5, 4, 0), 
	(72, 6, 4, 1), 
	(73, 7, 4, 0), 
	(74, 8, 4, 1), 
	(75, 9, 4, 1), 
	(76, 10, 4, 0), 
	(77, 11, 4, 0), 
	(78, 12, 4, 1), 
	(79, 13, 4, 0), 
	(80, 14, 4, 1), 
	(81, 15, 4, 1), 
	(82, 16, 4, 1), 
	(83, 17, 4, 0), 
	(84, 18, 4, 0), 
	(85, 19, 4, 0), 
	(86, 20, 4, 0), 
	(87, 21, 4, 0), 
	(88, 22, 4, 1), 
	(89, 1, 5, 1), 
	(90, 2, 5, 1), 
	(91, 3, 5, 0), 
	(92, 4, 5, 1), 
	(93, 5, 5, 1), 
	(94, 6, 5, 1), 
	(95, 7, 5, 0), 
	(96, 8, 5, 1), 
	(97, 9, 5, 0), 
	(98, 10, 5, 1), 
	(99, 11, 5, 1), 
	(100, 12, 5, 0), 
	(101, 13, 5, 1), 
	(102, 14, 5, 1), 
	(103, 15, 5, 0), 
	(104, 16, 5, 1), 
	(105, 17, 5, 0), 
	(106, 18, 5, 0), 
	(107, 19, 5, 1), 
	(108, 20, 5, 0), 
	(109, 21, 5, 0), 
	(110, 22, 5, 1), 
	(111, 1, 6, 0), 
	(112, 2, 6, 0), 
	(113, 3, 6, 1), 
	(114, 4, 6, 0), 
	(115, 5, 6, 0), 
	(116, 6, 6, 0), 
	(117, 7, 6, 1), 
	(118, 8, 6, 0), 
	(119, 9, 6, 0), 
	(120, 10, 6, 1), 
	(121, 11, 6, 1), 
	(122, 12, 6, 1), 
	(123, 13, 6, 1), 
	(124, 14, 6, 0), 
	(125, 15, 6, 1), 
	(126, 16, 6, 0), 
	(127, 17, 6, 0), 
	(128, 18, 6, 1), 
	(129, 19, 6, 0), 
	(130, 20, 6, 0), 
	(131, 21, 6, 0), 
	(132, 22, 6, 0), 
	(133, 1, 7, 0), 
	(134, 2, 7, 0), 
	(135, 3, 7, 0), 
	(136, 4, 7, 0), 
	(137, 5, 7, 1), 
	(138, 6, 7, 1), 
	(139, 7, 7, 1), 
	(140, 8, 7, 1), 
	(141, 9, 7, 0), 
	(142, 10, 7, 1), 
	(143, 11, 7, 0), 
	(144, 12, 7, 1), 
	(145, 13, 7, 0), 
	(146, 14, 7, 1), 
	(147, 15, 7, 1), 
	(148, 16, 7, 1), 
	(149, 17, 7, 0), 
	(150, 18, 7, 1), 
	(151, 19, 7, 1), 
	(152, 20, 7, 0), 
	(153, 21, 7, 0), 
	(154, 22, 7, 0), 
	(155, 1, 8, 0), 
	(156, 2, 8, 0), 
	(157, 3, 8, 0), 
	(158, 4, 8, 1), 
	(159, 5, 8, 0), 
	(160, 6, 8, 0), 
	(161, 7, 8, 1), 
	(162, 8, 8, 0), 
	(163, 9, 8, 1), 
	(164, 10, 8, 1), 
	(165, 11, 8, 0), 
	(166, 12, 8, 1), 
	(167, 13, 8, 1), 
	(168, 14, 8, 0), 
	(169, 15, 8, 0), 
	(170, 16, 8, 1), 
	(171, 17, 8, 0), 
	(172, 18, 8, 1), 
	(173, 19, 8, 0), 
	(174, 20, 8, 1), 
	(175, 21, 8, 1), 
	(176, 22, 8, 0), 
	(177, 1, 9, 1), 
	(178, 2, 9, 0), 
	(179, 3, 9, 1), 
	(180, 4, 9, 0), 
	(181, 5, 9, 1), 
	(182, 6, 9, 1), 
	(183, 7, 9, 0), 
	(184, 8, 9, 1), 
	(185, 9, 9, 0), 
	(186, 10, 9, 1), 
	(187, 11, 9, 1), 
	(188, 12, 9, 1), 
	(189, 13, 9, 0), 
	(190, 14, 9, 0), 
	(191, 15, 9, 0), 
	(192, 16, 9, 0), 
	(193, 17, 9, 0), 
	(194, 18, 9, 1), 
	(195, 19, 9, 0), 
	(196, 20, 9, 1), 
	(197, 21, 9, 0), 
	(198, 22, 9, 1), 
	(199, 1, 10, 0), 
	(200, 2, 10, 1), 
	(201, 3, 10, 1), 
	(202, 4, 10, 1), 
	(203, 5, 10, 1), 
	(204, 6, 10, 0), 
	(205, 7, 10, 0), 
	(206, 8, 10, 1), 
	(207, 9, 10, 0), 
	(208, 10, 10, 1), 
	(209, 11, 10, 0), 
	(210, 12, 10, 1), 
	(211, 13, 10, 1), 
	(212, 14, 10, 1), 
	(213, 15, 10, 0), 
	(214, 16, 10, 0), 
	(215, 17, 10, 0), 
	(216, 18, 10, 0), 
	(217, 19, 10, 0), 
	(218, 20, 10, 1), 
	(219, 21, 10, 0), 
	(220, 22, 10, 1), 
	(221, 1, 11, 1), 
	(222, 2, 11, 1), 
	(223, 3, 11, 1), 
	(224, 4, 11, 0), 
	(225, 5, 11, 0), 
	(226, 6, 11, 0), 
	(227, 7, 11, 0), 
	(228, 8, 11, 0), 
	(229, 9, 11, 1), 
	(230, 10, 11, 1), 
	(231, 11, 11, 1), 
	(232, 12, 11, 0), 
	(233, 13, 11, 0), 
	(234, 14, 11, 1), 
	(235, 15, 11, 0), 
	(236, 16, 11, 1), 
	(237, 17, 11, 1), 
	(238, 18, 11, 0), 
	(239, 19, 11, 0), 
	(240, 20, 11, 1), 
	(241, 21, 11, 1), 
	(242, 22, 11, 0), 
	(243, 1, 12, 0), 
	(244, 2, 12, 0), 
	(245, 3, 12, 1), 
	(246, 4, 12, 0), 
	(247, 5, 12, 1), 
	(248, 6, 12, 0), 
	(249, 7, 12, 1), 
	(250, 8, 12, 1), 
	(251, 9, 12, 0), 
	(252, 10, 12, 1), 
	(253, 11, 12, 0), 
	(254, 12, 12, 0), 
	(255, 13, 12, 0), 
	(256, 14, 12, 0), 
	(257, 15, 12, 0), 
	(258, 16, 12, 1), 
	(259, 17, 12, 1), 
	(260, 18, 12, 0), 
	(261, 19, 12, 0), 
	(262, 20, 12, 0), 
	(263, 21, 12, 0), 
	(264, 22, 12, 1), 
	(265, 1, 13, 0), 
	(266, 2, 13, 1), 
	(267, 3, 13, 0), 
	(268, 4, 13, 1), 
	(269, 5, 13, 1), 
	(270, 6, 13, 1), 
	(271, 7, 13, 1), 
	(272, 8, 13, 0), 
	(273, 9, 13, 0), 
	(274, 10, 13, 1), 
	(275, 11, 13, 1), 
	(276, 12, 13, 1), 
	(277, 13, 13, 0), 
	(278, 14, 13, 0), 
	(279, 15, 13, 0), 
	(280, 16, 13, 0), 
	(281, 17, 13, 1), 
	(282, 18, 13, 1), 
	(283, 19, 13, 1), 
	(284, 20, 13, 1), 
	(285, 21, 13, 0), 
	(286, 22, 13, 0), 
	(287, 1, 14, 0), 
	(288, 2, 14, 0), 
	(289, 3, 14, 0), 
	(290, 4, 14, 0), 
	(291, 5, 14, 1), 
	(292, 6, 14, 0), 
	(293, 7, 14, 1), 
	(294, 8, 14, 0), 
	(295, 9, 14, 1), 
	(296, 10, 14, 1), 
	(297, 11, 14, 0), 
	(298, 12, 14, 0), 
	(299, 13, 14, 1), 
	(300, 14, 14, 1), 
	(301, 15, 14, 0), 
	(302, 16, 14, 0), 
	(303, 17, 14, 0), 
	(304, 18, 14, 1), 
	(305, 19, 14, 1), 
	(306, 20, 14, 0), 
	(307, 21, 14, 1), 
	(308, 22, 14, 1), 
	(309, 1, 15, 1), 
	(310, 2, 15, 1), 
	(311, 3, 15, 1), 
	(312, 4, 15, 0), 
	(313, 5, 15, 1), 
	(314, 6, 15, 0), 
	(315, 7, 15, 0), 
	(316, 8, 15, 1), 
	(317, 9, 15, 1), 
	(318, 10, 15, 1), 
	(319, 11, 15, 1), 
	(320, 12, 15, 0), 
	(321, 13, 15, 0), 
	(322, 14, 15, 0), 
	(323, 15, 15, 0), 
	(324, 16, 15, 1), 
	(325, 17, 15, 1), 
	(326, 18, 15, 1), 
	(327, 19, 15, 0), 
	(328, 20, 15, 0), 
	(329, 21, 15, 1), 
	(330, 22, 15, 0), 
	(331, 1, 16, 1), 
	(332, 2, 16, 1), 
	(333, 3, 16, 1), 
	(334, 4, 16, 1), 
	(335, 5, 16, 1), 
	(336, 6, 16, 1), 
	(337, 7, 16, 1), 
	(338, 8, 16, 0), 
	(339, 9, 16, 0), 
	(340, 10, 16, 1), 
	(341, 11, 16, 0), 
	(342, 12, 16, 0), 
	(343, 13, 16, 1), 
	(344, 14, 16, 1), 
	(345, 15, 16, 1), 
	(346, 16, 16, 1), 
	(347, 17, 16, 1), 
	(348, 18, 16, 1), 
	(349, 19, 16, 1), 
	(350, 20, 16, 0), 
	(351, 21, 16, 0), 
	(352, 22, 16, 1);
SET IDENTITY_INSERT tblStudentAnswer OFF

SET IDENTITY_INSERT tblMarks ON
INSERT INTO tblMarks(Id, StudentId, TopicId, Mark) VALUES
	(1, 1, 1, 60),
	(2, 2, 1, 20),
	(3, 3, 1, 40),
	(4, 4, 1, 0),
	(5, 5, 1, 80),
	(6, 6, 1, 20),
	(7, 7, 1, 20),
	(8, 8, 1, 20),
	(9, 9, 1, 60),
	(10, 10, 1, 80),
	(11, 11, 1, 60),
	(12, 12, 1, 40),
	(13, 13, 1, 60),
	(14, 14, 1, 20),
	(15, 15, 1, 80),
	(16, 16, 1, 100),
	(17, 1, 2, 60),
	(18, 2, 2, 20),
	(19, 3, 2, 40),
	(20, 4, 2, 60),
	(21, 5, 2, 60),
	(22, 6, 2, 40),
	(23, 7, 2, 80),
	(24, 8, 2, 60),
	(25, 9, 2, 60),
	(26, 10, 2, 40),
	(27, 11, 2, 40),
	(28, 12, 2, 60),
	(29, 13, 2, 60),
	(30, 14, 2, 60),
	(31, 15, 2, 60),
	(32, 16, 2, 60),
	(33, 1, 3, 28.57),
	(34, 2, 3, 57.14),
	(35, 3, 3, 57.14),
	(36, 4, 3, 57.14),
	(37, 5, 3, 57.14),
	(38, 6, 3, 57.14),
	(39, 7, 3, 57.14),
	(40, 8, 3, 42.86),
	(41, 9, 3, 28.57),
	(42, 10, 3, 42.86),
	(43, 11, 3, 57.14),
	(44, 12, 3, 28.57),
	(45, 13, 3, 42.86),
	(46, 14, 3, 28.57),
	(47, 15, 3, 42.86),
	(48, 16, 3, 71.43),
	(49, 1, 4, 80),
	(50, 2, 4, 80),
	(51, 3, 4, 40),
	(52, 4, 4, 20),
	(53, 5, 4, 40),
	(54, 6, 4, 20),
	(55, 7, 4, 40),
	(56, 8, 4, 60),
	(57, 9, 4, 60),
	(58, 10, 4, 40),
	(59, 11, 4, 40),
	(60, 12, 4, 20),
	(61, 13, 4, 60),
	(62, 14, 4, 80),
	(63, 15, 4, 40),
	(64, 16, 4, 60);
SET IDENTITY_INSERT tblMarks OFF


SET IDENTITY_INSERT tblUser ON
INSERT INTO tblUser(Id, FirstName, LastName, [Login], [Password], [Disabled]) VALUES
	(1, 'Ostap', 'Moravskyi', '028cbe7b411965547f9842076dfde427', 'b59c67bf196a4758191e42f76670ceba', 0),  -- Login: 'ostap_moravskyi',  Password: '1111'
	(2, 'Viktor', 'Ruis', '21232f297a57a5a743894a0e4a801fc3', '827ccb0eea8a706c4c34a16891f84e7b', 0),   -- Login: 'admin', Password '12345'
	(3, 'Maksym', 'Krutyi', '051f7661ee7c287be66ee572768ec8f5', '50572dec71b7242224b7db488768e6f5', 0)  -- Login: 'maks', Password 'madmax'
SET IDENTITY_INSERT tblUser OFF